[
  {
    "id": "FoodAllergy",
    "type": "StructureDefinition",
    "url": "http://example.com/fhir/example/StructureDefinition/FoodAllergy",
    "version": "0.1.0-test",
    "name": "FoodAllergy"
  },
  {
    "id": "FoodAllergyModel",
    "type": "StructureDefinition",
    "url": "http://example.com/fhir/example/StructureDefinition/FoodAllergyModel",
    "version": "0.1.0-test",
    "name": "FoodAllergyModel"
  },
  {
    "id": "FoodAllergyVS",
    "type": "ValueSet",
    "url": "http://example.com/fhir/example/ValueSet/FoodAllergyVS",
    "version": "0.1.0-test",
    "name": "FoodAllergyVS"
  },
  {
    "id": "nisj-ig",
    "type": "ImplementationGuide",
    "url": "http://njsite.org/fhir/nisj-ig/ImplementationGuide/nisj-ig",
    "version": "0.1.0-test",
    "name": "nisj-ig-IG"
  }
]